INSERT INTO usuario (idUsuario, email, senha, tipoUsuario) VALUES (1, 'ana@example.com', 'senha123', 1);
INSERT INTO usuario (idUsuario, email, senha, tipoUsuario) VALUES (2, 'bruno@example.com', '123abc456', 2);
INSERT INTO usuario (idUsuario, email, senha, tipoUsuario) VALUES (3, 'carla@example.com', 'senha789', 1);
INSERT INTO usuario (idUsuario, email, senha, tipoUsuario) VALUES (4, 'daniel@example.com', 'abc321', 3);
INSERT INTO usuario (idUsuario, email, senha, tipoUsuario) VALUES (5, 'elaine@example.com', 'xpto2025', 2);
INSERT INTO usuario (idUsuario, email, senha, tipoUsuario) VALUES (6, 'felipe@example.com', 'senha2024', 1);
INSERT INTO usuario (idUsuario, email, senha, tipoUsuario) VALUES (7, 'giovanna@example.com', 'pw987', 1);
INSERT INTO usuario (idUsuario, email, senha, tipoUsuario) VALUES (8, 'hugo@example.com', 'pwd321', 2);
INSERT INTO usuario (idUsuario, email, senha, tipoUsuario) VALUES (9, 'iris@example.com', 'securepass', 3);
INSERT INTO usuario (idUsuario, email, senha, tipoUsuario) VALUES (10, 'joao@example.com', 'joao123', 1);
INSERT INTO playlist (idPlaylist, nome, fk_usuario_idUsuario) VALUES (1, 'Favoritas', 1);
INSERT INTO playlist (idPlaylist, nome, fk_usuario_idUsuario) VALUES (2, 'Relax', 2);
INSERT INTO playlist (idPlaylist, nome, fk_usuario_idUsuario) VALUES (3, 'Corrida', 3);
INSERT INTO playlist (idPlaylist, nome, fk_usuario_idUsuario) VALUES (4, 'Estudo', 4);
INSERT INTO playlist (idPlaylist, nome, fk_usuario_idUsuario) VALUES (5, 'Viagem', 5);
INSERT INTO playlist (idPlaylist, nome, fk_usuario_idUsuario) VALUES (6, 'Trabalho', 6);
INSERT INTO playlist (idPlaylist, nome, fk_usuario_idUsuario) VALUES (7, 'Clássicos', 7);
INSERT INTO playlist (idPlaylist, nome, fk_usuario_idUsuario) VALUES (8, 'Anos 80', 8);
INSERT INTO playlist (idPlaylist, nome, fk_usuario_idUsuario) VALUES (9, 'Treino', 9);
INSERT INTO playlist (idPlaylist, nome, fk_usuario_idUsuario) VALUES (10, 'Boas Vibrações', 10);
INSERT INTO genero (idGenero, nome) VALUES (1, 'rock');
INSERT INTO genero (idGenero, nome) VALUES (2, 'pop');
INSERT INTO genero (idGenero, nome) VALUES (3, 'jazz');
INSERT INTO genero (idGenero, nome) VALUES (4, 'samba');
INSERT INTO genero (idGenero, nome) VALUES (5, 'funk');
INSERT INTO genero (idGenero, nome) VALUES (6, 'reggae');
INSERT INTO genero (idGenero, nome) VALUES (7, 'clássico');
INSERT INTO genero (idGenero, nome) VALUES (8, 'eletrônico');
INSERT INTO genero (idGenero, nome) VALUES (9, 'hip-hop');
INSERT INTO genero (idGenero, nome) VALUES (10, 'sertanejo');
INSERT INTO artista (idArtista, nome) VALUES (1, 'João Silva');
INSERT INTO artista (idArtista, nome) VALUES (2, 'Maria Souza');
INSERT INTO artista (idArtista, nome) VALUES (3, 'DJ Carlos');
INSERT INTO artista (idArtista, nome) VALUES (4, 'Banda Aurora');
INSERT INTO artista (idArtista, nome) VALUES (5, 'Luana Alves');
INSERT INTO artista (idArtista, nome) VALUES (6, 'Grupo Raiz');
INSERT INTO artista (idArtista, nome) VALUES (7, 'Victor e Léo');
INSERT INTO artista (idArtista, nome) VALUES (8, 'Lucas Beat');
INSERT INTO artista (idArtista, nome) VALUES (9, 'Camila Ribeiro');
INSERT INTO artista (idArtista, nome) VALUES (10, 'André Melo');
INSERT INTO album (idAlbum, nome) VALUES (1, 'Luz da Noite');
INSERT INTO album (idAlbum, nome) VALUES (2, 'Sons do Brasil');
INSERT INTO album (idAlbum, nome) VALUES (3, 'Caminhos da Alma');
INSERT INTO album (idAlbum, nome) VALUES (4, 'Batida Perfeita');
INSERT INTO album (idAlbum, nome) VALUES (5, 'Ritmos Urbanos');
INSERT INTO album (idAlbum, nome) VALUES (6, 'Estações');
INSERT INTO album (idAlbum, nome) VALUES (7, 'Clássicos Eternos');
INSERT INTO album (idAlbum, nome) VALUES (8, 'Espaço Sonoro');
INSERT INTO album (idAlbum, nome) VALUES (9, 'Vibe Latina');
INSERT INTO album (idAlbum, nome) VALUES (10, 'Trilhas da Vida');
INSERT INTO musica (idMusica, duracao, titulo, ano) VALUES (1, 210, 'Luz do Amanhecer', 2021);
INSERT INTO musica (idMusica, duracao, titulo, ano) VALUES (2, 199, 'Batida Forte', 2020);
INSERT INTO musica (idMusica, duracao, titulo, ano) VALUES (3, 240, 'Ritmo do Coração', 2019);
INSERT INTO musica (idMusica, duracao, titulo, ano) VALUES (4, 185, 'Chuva no Sertão', 2018);
INSERT INTO musica (idMusica, duracao, titulo, ano) VALUES (5, 233, 'Cidade em Movimento', 2022);
INSERT INTO musica (idMusica, duracao, titulo, ano) VALUES (6, 215, 'Horizonte Azul', 2021);
INSERT INTO musica (idMusica, duracao, titulo, ano) VALUES (7, 250, 'Sol e Sombra', 2023);
INSERT INTO musica (idMusica, duracao, titulo, ano) VALUES (8, 198, 'Notas Perdidas', 2024);
INSERT INTO musica (idMusica, duracao, titulo, ano) VALUES (9, 207, 'Alma Livre', 2020);
INSERT INTO musica (idMusica, duracao, titulo, ano) VALUES (10, 225, 'Canção da Esperança', 2022);
INSERT INTO album_musica (fk_album_idAlbum, fk_musica_idMusica) VALUES (1, 1);
INSERT INTO album_musica (fk_album_idAlbum, fk_musica_idMusica) VALUES (2, 2);
INSERT INTO album_musica (fk_album_idAlbum, fk_musica_idMusica) VALUES (3, 3);
INSERT INTO album_musica (fk_album_idAlbum, fk_musica_idMusica) VALUES (4, 4);
INSERT INTO album_musica (fk_album_idAlbum, fk_musica_idMusica) VALUES (5, 5);
INSERT INTO album_musica (fk_album_idAlbum, fk_musica_idMusica) VALUES (6, 6);
INSERT INTO album_musica (fk_album_idAlbum, fk_musica_idMusica) VALUES (7, 7);
INSERT INTO album_musica (fk_album_idAlbum, fk_musica_idMusica) VALUES (8, 8);
INSERT INTO album_musica (fk_album_idAlbum, fk_musica_idMusica) VALUES (9, 9);
INSERT INTO album_musica (fk_album_idAlbum, fk_musica_idMusica) VALUES (10, 10);
INSERT INTO musica_artista (fk_musica_idMusica, fk_artista_idArtista) VALUES (1, 1);
INSERT INTO musica_artista (fk_musica_idMusica, fk_artista_idArtista) VALUES (2, 2);
INSERT INTO musica_artista (fk_musica_idMusica, fk_artista_idArtista) VALUES (3, 3);
INSERT INTO musica_artista (fk_musica_idMusica, fk_artista_idArtista) VALUES (4, 4);
INSERT INTO musica_artista (fk_musica_idMusica, fk_artista_idArtista) VALUES (5, 5);
INSERT INTO musica_artista (fk_musica_idMusica, fk_artista_idArtista) VALUES (6, 6);
INSERT INTO musica_artista (fk_musica_idMusica, fk_artista_idArtista) VALUES (7, 7);
INSERT INTO musica_artista (fk_musica_idMusica, fk_artista_idArtista) VALUES (8, 8);
INSERT INTO musica_artista (fk_musica_idMusica, fk_artista_idArtista) VALUES (9, 9);
INSERT INTO musica_artista (fk_musica_idMusica, fk_artista_idArtista) VALUES (10, 10);
INSERT INTO genero_musica (fk_genero_idGenero, fk_musica_idMusica) VALUES (1, 1);
INSERT INTO genero_musica (fk_genero_idGenero, fk_musica_idMusica) VALUES (2, 2);
INSERT INTO genero_musica (fk_genero_idGenero, fk_musica_idMusica) VALUES (3, 3);
INSERT INTO genero_musica (fk_genero_idGenero, fk_musica_idMusica) VALUES (4, 4);
INSERT INTO genero_musica (fk_genero_idGenero, fk_musica_idMusica) VALUES (5, 5);
INSERT INTO genero_musica (fk_genero_idGenero, fk_musica_idMusica) VALUES (6, 6);
INSERT INTO genero_musica (fk_genero_idGenero, fk_musica_idMusica) VALUES (7, 7);
INSERT INTO genero_musica (fk_genero_idGenero, fk_musica_idMusica) VALUES (8, 8);
INSERT INTO genero_musica (fk_genero_idGenero, fk_musica_idMusica) VALUES (9, 9);
INSERT INTO genero_musica (fk_genero_idGenero, fk_musica_idMusica) VALUES (10, 10);
INSERT INTO playlist_musica (fk_playlist_idPlaylist, fk_musica_idMusica) VALUES (1, 1);
INSERT INTO playlist_musica (fk_playlist_idPlaylist, fk_musica_idMusica) VALUES (2, 2);
INSERT INTO playlist_musica (fk_playlist_idPlaylist, fk_musica_idMusica) VALUES (3, 3);
INSERT INTO playlist_musica (fk_playlist_idPlaylist, fk_musica_idMusica) VALUES (4, 4);
INSERT INTO playlist_musica (fk_playlist_idPlaylist, fk_musica_idMusica) VALUES (5, 5);
INSERT INTO playlist_musica (fk_playlist_idPlaylist, fk_musica_idMusica) VALUES (6, 6);
INSERT INTO playlist_musica (fk_playlist_idPlaylist, fk_musica_idMusica) VALUES (7, 7);
INSERT INTO playlist_musica (fk_playlist_idPlaylist, fk_musica_idMusica) VALUES (8, 8);
INSERT INTO playlist_musica (fk_playlist_idPlaylist, fk_musica_idMusica) VALUES (9, 9);
INSERT INTO playlist_musica (fk_playlist_idPlaylist, fk_musica_idMusica) VALUES (10, 10);
